time,symbol,side,entry_price,mark_price,position_amt,unrealized_pnl,roe_pct
2026-03-25 11:34:50,HUMAUSDT,空,0.019900,0.020077,1507.0000,-0.2667,-2.67
2026-03-25 11:34:50,TAOUSDT,空,337.300000,334.612269,0.0880,0.2365,2.39
2026-03-25 11:34:50,KATUSDT,多,0.010890,0.010902,2754.0000,0.0340,0.34
2026-03-25 11:34:50,MAGMAUSDT,空,0.137600,0.128283,218.0000,2.0311,20.31
2026-03-25 11:34:50,BEATUSDT,多,0.621200,0.622700,48.0000,0.0720,0.72
2026-03-25 11:34:50,JCTUSDT,多,0.002845,0.002911,10534.0000,0.6936,6.94
2026-03-25 11:34:50,BANANAS31USDT,多,0.014006,0.014161,2141.0000,0.3309,3.31
2026-03-25 11:34:50,ARIAUSDT,空,0.313160,0.302877,95.0000,0.9769,9.85
2026-03-25 11:34:50,FLOWUSDT,多,0.031780,0.031730,944.0000,-0.0472,-0.47
2026-03-25 11:34:50,GASUSDT,空,1.698000,1.643000,17.6000,0.9680,9.72
2026-03-25 11:34:50,BRUSDT,空,0.172580,0.162226,173.0000,1.7912,18.00
2026-03-25 11:34:50,VVVUSDT,空,6.484000,6.416000,4.6200,0.3142,3.15
2026-03-25 11:34:50,SIRENUSDT,多,1.157160,1.743880,25.0000,14.6680,152.11
2026-03-25 11:34:50,CYSUSDT,多,0.580900,0.589500,51.0000,0.4386,4.44
2026-03-25 11:34:50,JTOUSDT,多,0.319300,0.347700,93.0000,2.6412,26.68
2026-03-25 11:34:50,TRIAUSDT,多,0.035690,0.035177,840.0000,-0.4310,-4.31
2026-03-25 11:34:50,BASUSDT,空,0.011787,0.011785,2545.0000,0.0051,0.05
2026-03-25 11:34:50,ONTUSDT,空,0.069400,0.065000,432.2000,1.9017,19.02
2026-03-25 11:34:50,OPNUSDT,多,0.217200,0.213835,138.0000,-0.4644,-4.65
2026-03-25 11:34:50,DUSKUSDT,空,0.125320,0.123860,239.0000,0.3489,3.50
2026-03-25 11:44:58,HUMAUSDT,空,0.019900,0.020094,1507.0000,-0.2924,-2.92
2026-03-25 11:44:58,TAOUSDT,空,337.300000,337.709443,0.0880,-0.0360,-0.36
2026-03-25 11:44:58,KATUSDT,多,0.010890,0.010860,2754.0000,-0.0826,-0.83
2026-03-25 11:44:58,MAGMAUSDT,空,0.137600,0.129060,218.0000,1.8617,18.62
2026-03-25 11:44:58,BEATUSDT,多,0.621200,0.626273,48.0000,0.2435,2.45
2026-03-25 11:44:58,JCTUSDT,多,0.002845,0.002909,10534.0000,0.6742,6.75
2026-03-25 11:44:58,BANANAS31USDT,多,0.014006,0.014303,2141.0000,0.6359,6.36
2026-03-25 11:44:58,ARIAUSDT,空,0.313160,0.303601,95.0000,0.9081,9.16
2026-03-25 11:44:58,FLOWUSDT,多,0.031780,0.031690,944.0000,-0.0850,-0.85
2026-03-25 11:44:58,GASUSDT,空,1.698000,1.647313,17.6000,0.8921,8.96
2026-03-25 11:44:58,BRUSDT,空,0.172580,0.160240,173.0000,2.1348,21.45
2026-03-25 11:44:58,VVVUSDT,空,6.484000,6.423000,4.6200,0.2818,2.82
2026-03-25 11:44:58,SIRENUSDT,多,1.157160,1.727449,25.0000,14.2572,147.85
2026-03-25 11:44:58,CYSUSDT,多,0.580900,0.588100,51.0000,0.3672,3.72
2026-03-25 11:44:58,JTOUSDT,多,0.319300,0.348639,93.0000,2.7285,27.57
2026-03-25 11:44:58,TRIAUSDT,多,0.035690,0.035290,840.0000,-0.3361,-3.36
2026-03-25 11:44:58,BASUSDT,空,0.011787,0.011384,2545.0000,1.0267,10.27
2026-03-25 11:44:58,ONTUSDT,空,0.069400,0.065720,432.2000,1.5906,15.91
2026-03-25 11:44:58,OPNUSDT,多,0.217200,0.214200,138.0000,-0.4140,-4.14
2026-03-25 11:44:58,DUSKUSDT,空,0.125320,0.122790,239.0000,0.6047,6.06
2026-03-25 12:00:02,HUMAUSDT,空,0.019900,0.019994,1507.0000,-0.1417,-1.42
2026-03-25 12:00:02,TAOUSDT,空,337.300000,335.388987,0.0880,0.1682,1.70
2026-03-25 12:00:02,KATUSDT,多,0.010890,0.010930,2754.0000,0.1102,1.10
2026-03-25 12:00:02,MAGMAUSDT,空,0.137600,0.129476,218.0000,1.7710,17.71
2026-03-25 12:00:02,BEATUSDT,多,0.621200,0.633961,48.0000,0.6125,6.16
2026-03-25 12:00:02,JCTUSDT,多,0.002845,0.002943,10534.0000,1.0323,10.33
2026-03-25 12:00:02,BANANAS31USDT,多,0.014006,0.014210,2141.0000,0.4365,4.37
2026-03-25 12:00:02,ARIAUSDT,空,0.313160,0.303146,95.0000,0.9513,9.59
2026-03-25 12:00:02,FLOWUSDT,多,0.031780,0.031697,944.0000,-0.0786,-0.79
2026-03-25 12:00:02,GASUSDT,空,1.698000,1.623538,17.6000,1.3105,13.16
2026-03-25 12:00:02,BRUSDT,空,0.172580,0.162141,173.0000,1.8059,18.15
2026-03-25 12:00:02,VVVUSDT,空,6.484000,6.481608,4.6200,0.0111,0.11
2026-03-25 12:00:02,SIRENUSDT,多,1.157160,1.808062,25.0000,16.2726,168.75
2026-03-25 12:00:02,CYSUSDT,多,0.580900,0.583424,51.0000,0.1287,1.30
2026-03-25 12:00:02,JTOUSDT,多,0.319300,0.366593,93.0000,4.3982,44.43
2026-03-25 12:00:02,TRIAUSDT,多,0.035690,0.034920,840.0000,-0.6468,-6.47
2026-03-25 12:00:02,BASUSDT,空,0.011787,0.011315,2545.0000,1.2012,12.01
2026-03-25 12:00:02,ONTUSDT,空,0.069400,0.063300,432.2000,2.6364,26.37
2026-03-25 12:00:02,OPNUSDT,多,0.217200,0.213800,138.0000,-0.4692,-4.70
2026-03-25 12:00:02,DUSKUSDT,空,0.125320,0.124612,239.0000,0.1693,1.70
2026-03-25 13:00:18,HUMAUSDT,空,0.019900,0.019672,1507.0000,0.3433,3.43
2026-03-25 13:00:18,TAOUSDT,空,337.300000,334.550000,0.0880,0.2420,2.45
2026-03-25 13:00:18,KATUSDT,多,0.010890,0.010992,2754.0000,0.2808,2.81
2026-03-25 13:00:18,MAGMAUSDT,空,0.137600,0.126314,218.0000,2.4603,24.61
2026-03-25 13:00:18,BEATUSDT,多,0.621200,0.618274,48.0000,-0.1404,-1.41
2026-03-25 13:00:18,JCTUSDT,多,0.002845,0.002870,10534.0000,0.2622,2.62
2026-03-25 13:00:18,BANANAS31USDT,多,0.014006,0.014239,2141.0000,0.4982,4.98
2026-03-25 13:00:18,ARIAUSDT,空,0.313160,0.294950,95.0000,1.7300,17.44
2026-03-25 13:00:18,FLOWUSDT,多,0.031780,0.031765,944.0000,-0.0143,-0.14
2026-03-25 13:00:18,GASUSDT,空,1.698000,1.606675,17.6000,1.6073,16.14
2026-03-25 13:00:18,BRUSDT,空,0.172580,0.152840,173.0000,3.4150,34.31
2026-03-25 13:00:18,VVVUSDT,空,6.484000,6.516983,4.6200,-0.1524,-1.53
2026-03-25 13:00:18,SIRENUSDT,多,1.157160,1.789469,25.0000,15.8077,163.93
2026-03-25 13:00:18,CYSUSDT,多,0.580900,0.569700,51.0000,-0.5712,-5.78
2026-03-25 13:00:18,JTOUSDT,多,0.319300,0.366700,93.0000,4.4082,44.53
2026-03-25 13:00:18,TRIAUSDT,多,0.035690,0.033140,840.0000,-2.1420,-21.43
2026-03-25 13:00:18,BASUSDT,空,0.011787,0.011280,2545.0000,1.2915,12.92
2026-03-25 13:00:18,ONTUSDT,空,0.069400,0.063310,432.2000,2.6321,26.33
2026-03-25 13:00:18,OPNUSDT,多,0.217200,0.210968,138.0000,-0.8600,-8.61
2026-03-25 13:00:18,DUSKUSDT,空,0.125320,0.124814,239.0000,0.1209,1.21
2026-03-25 13:06:53,HUMAUSDT,空,0.019900,0.019713,1507.0000,0.2818,2.82
2026-03-25 13:06:53,TAOUSDT,空,337.300000,335.820000,0.0880,0.1302,1.32
2026-03-25 13:06:53,KATUSDT,多,0.010890,0.011013,2754.0000,0.3386,3.39
2026-03-25 13:06:53,MAGMAUSDT,空,0.137600,0.125560,218.0000,2.6247,26.25
2026-03-25 13:06:53,BEATUSDT,多,0.621200,0.627021,48.0000,0.2794,2.81
2026-03-25 13:06:53,JCTUSDT,多,0.002845,0.002874,10534.0000,0.3064,3.07
2026-03-25 13:06:53,BANANAS31USDT,多,0.014006,0.014234,2141.0000,0.4892,4.89
2026-03-25 13:06:53,ARIAUSDT,空,0.313160,0.296559,95.0000,1.5771,15.90
2026-03-25 13:06:53,FLOWUSDT,多,0.031780,0.031810,944.0000,0.0281,0.28
2026-03-25 13:06:53,GASUSDT,空,1.698000,1.608367,17.6000,1.5775,15.84
2026-03-25 13:06:53,BRUSDT,空,0.172580,0.156064,173.0000,2.8573,28.71
2026-03-25 13:06:53,VVVUSDT,空,6.484000,6.534637,4.6200,-0.2339,-2.34
2026-03-25 13:06:53,SIRENUSDT,多,1.157160,1.763689,25.0000,15.1632,157.25
2026-03-25 13:06:53,CYSUSDT,多,0.580900,0.582500,51.0000,0.0816,0.83
2026-03-25 13:06:53,JTOUSDT,多,0.319300,0.358600,93.0000,3.6549,36.92
2026-03-25 13:06:53,TRIAUSDT,多,0.035690,0.032870,840.0000,-2.3688,-23.70
2026-03-25 13:06:53,BASUSDT,空,0.011787,0.011418,2545.0000,0.9403,9.40
2026-03-25 13:06:53,ONTUSDT,空,0.069400,0.063406,432.2000,2.5908,25.91
2026-03-25 13:06:53,OPNUSDT,多,0.217200,0.209600,138.0000,-1.0488,-10.50
2026-03-25 13:06:53,DUSKUSDT,空,0.125320,0.123251,239.0000,0.4946,4.95
2026-03-25 14:00:08,HUMAUSDT,空,0.019900,0.019815,1507.0000,0.1281,1.28
2026-03-25 14:00:08,TAOUSDT,空,337.300000,337.630000,0.0880,-0.0290,-0.29
2026-03-25 14:00:08,KATUSDT,多,0.010890,0.010960,2754.0000,0.1928,1.93
2026-03-25 14:00:08,MAGMAUSDT,空,0.137600,0.124750,218.0000,2.8013,28.02
2026-03-25 14:00:08,BEATUSDT,多,0.621200,0.625871,48.0000,0.2242,2.26
2026-03-25 14:00:08,JCTUSDT,多,0.002845,0.002874,10534.0000,0.3083,3.09
2026-03-25 14:00:08,BANANAS31USDT,多,0.014006,0.014461,2141.0000,0.9745,9.75
2026-03-25 14:00:08,ARIAUSDT,空,0.313160,0.300584,95.0000,1.1948,12.05
2026-03-25 14:00:08,FLOWUSDT,多,0.031780,0.031999,944.0000,0.2067,2.07
2026-03-25 14:00:08,GASUSDT,空,1.698000,1.606832,17.6000,1.6046,16.11
2026-03-25 14:00:08,BRUSDT,空,0.172580,0.151394,173.0000,3.6652,36.83
2026-03-25 14:00:08,VVVUSDT,空,6.484000,6.424000,4.6200,0.2772,2.78
2026-03-25 14:00:08,SIRENUSDT,多,1.157160,1.910000,25.0000,18.8210,195.18
2026-03-25 14:00:08,CYSUSDT,多,0.580900,0.572500,51.0000,-0.4284,-4.34
2026-03-25 14:00:08,JTOUSDT,多,0.319300,0.362600,93.0000,4.0269,40.68
2026-03-25 14:00:08,TRIAUSDT,多,0.035690,0.032568,840.0000,-2.6222,-26.24
2026-03-25 14:00:08,BASUSDT,空,0.011787,0.011430,2545.0000,0.9092,9.09
2026-03-25 14:00:08,ONTUSDT,空,0.069400,0.064800,432.2000,1.9881,19.88
2026-03-25 14:00:08,OPNUSDT,多,0.217200,0.206060,138.0000,-1.5373,-15.39
2026-03-25 14:00:08,DUSKUSDT,空,0.125320,0.120861,239.0000,1.0657,10.67
2026-03-25 14:27:02,HUMAUSDT,空,0.019900,0.019679,1507.0000,0.3325,3.33
2026-03-25 14:27:02,TAOUSDT,空,337.300000,339.370000,0.0880,-0.1822,-1.84
2026-03-25 14:27:02,KATUSDT,多,0.010890,0.011120,2754.0000,0.6322,6.32
2026-03-25 14:27:02,MAGMAUSDT,空,0.137600,0.124235,218.0000,2.9136,29.14
2026-03-25 14:27:02,BEATUSDT,多,0.621200,0.616031,48.0000,-0.2481,-2.50
2026-03-25 14:27:02,JCTUSDT,多,0.002845,0.002923,10534.0000,0.8217,8.22
2026-03-25 14:27:02,BANANAS31USDT,多,0.014006,0.014342,2141.0000,0.7192,7.19
2026-03-25 14:27:02,ARIAUSDT,空,0.313160,0.299999,95.0000,1.2503,12.61
2026-03-25 14:27:02,FLOWUSDT,多,0.031780,0.032100,944.0000,0.3021,3.02
2026-03-25 14:27:02,GASUSDT,空,1.698000,1.605000,17.6000,1.6368,16.43
2026-03-25 14:27:02,BRUSDT,空,0.172580,0.153480,173.0000,3.3043,33.20
2026-03-25 14:27:02,VVVUSDT,空,6.484000,6.395568,4.6200,0.4086,4.09
2026-03-25 14:27:02,SIRENUSDT,多,1.157160,2.083230,25.0000,23.1517,240.09
2026-03-25 14:27:02,CYSUSDT,多,0.580900,0.568897,51.0000,-0.6122,-6.20
2026-03-25 14:27:02,JTOUSDT,多,0.319300,0.364035,93.0000,4.1603,42.03
2026-03-25 14:27:02,TRIAUSDT,多,0.035690,0.033070,840.0000,-2.2008,-22.02
2026-03-25 14:27:02,BASUSDT,空,0.011787,0.011484,2545.0000,0.7710,7.71
2026-03-25 14:27:02,ONTUSDT,空,0.069400,0.064500,432.2000,2.1178,21.18
2026-03-25 14:27:02,OPNUSDT,多,0.217200,0.206807,138.0000,-1.4342,-14.36
2026-03-25 14:27:02,DUSKUSDT,空,0.125320,0.121164,239.0000,0.9933,9.95
2026-03-25 15:00:11,HUMAUSDT,空,0.019900,0.019422,1507.0000,0.7203,7.21
2026-03-25 15:00:11,TAOUSDT,空,337.300000,338.770000,0.0880,-0.1294,-1.31
2026-03-25 15:00:11,KATUSDT,多,0.010890,0.011246,2754.0000,0.9804,9.81
2026-03-25 15:00:11,MAGMAUSDT,空,0.137600,0.124000,218.0000,2.9648,29.65
2026-03-25 15:00:11,BEATUSDT,多,0.621200,0.619209,48.0000,-0.0956,-0.96
2026-03-25 15:00:11,JCTUSDT,多,0.002845,0.003059,10534.0000,2.2504,22.53
2026-03-25 15:00:11,BANANAS31USDT,多,0.014006,0.014218,2141.0000,0.4539,4.54
2026-03-25 15:00:11,ARIAUSDT,空,0.313160,0.298855,95.0000,1.3589,13.70
2026-03-25 15:00:11,FLOWUSDT,多,0.031780,0.031960,944.0000,0.1699,1.70
2026-03-25 15:00:11,GASUSDT,空,1.698000,1.591000,17.6000,1.8832,18.90
2026-03-25 15:00:11,BRUSDT,空,0.172580,0.162330,173.0000,1.7733,17.82
2026-03-25 15:00:11,VVVUSDT,空,6.484000,6.441842,4.6200,0.1948,1.95
2026-03-25 15:00:11,SIRENUSDT,多,1.157160,2.107801,25.0000,23.7660,246.46
2026-03-25 15:00:11,CYSUSDT,多,0.580900,0.569768,51.0000,-0.5677,-5.75
2026-03-25 15:00:11,JTOUSDT,多,0.319300,0.359240,93.0000,3.7145,37.53
2026-03-25 15:00:11,TRIAUSDT,多,0.035690,0.033784,840.0000,-1.6014,-16.02
2026-03-25 15:00:11,BASUSDT,空,0.011787,0.011711,2545.0000,0.1934,1.93
2026-03-25 15:00:11,ONTUSDT,空,0.069400,0.063300,432.2000,2.6364,26.37
2026-03-25 15:00:11,OPNUSDT,多,0.217200,0.204671,138.0000,-1.7290,-17.30
2026-03-25 15:00:11,DUSKUSDT,空,0.125320,0.119200,239.0000,1.4627,14.65
2026-03-25 15:12:53,HUMAUSDT,空,0.019900,0.019440,1507.0000,0.6932,6.93
2026-03-25 15:12:53,TAOUSDT,空,337.300000,345.380000,0.0880,-0.7110,-7.19
2026-03-25 15:12:53,KATUSDT,多,0.010890,0.011219,2754.0000,0.9049,9.05
2026-03-25 15:12:53,MAGMAUSDT,空,0.137600,0.126157,218.0000,2.4945,24.95
2026-03-25 15:12:53,BEATUSDT,多,0.621200,0.622438,48.0000,0.0594,0.60
2026-03-25 15:12:53,JCTUSDT,多,0.002845,0.003080,10534.0000,2.4755,24.78
2026-03-25 15:12:53,BANANAS31USDT,多,0.014006,0.014080,2141.0000,0.1584,1.59
2026-03-25 15:12:53,ARIAUSDT,空,0.313160,0.289770,95.0000,2.2220,22.41
2026-03-25 15:12:53,FLOWUSDT,多,0.031780,0.032207,944.0000,0.4030,4.03
2026-03-25 15:12:53,GASUSDT,空,1.698000,1.594891,17.6000,1.8147,18.22
2026-03-25 15:12:53,BRUSDT,空,0.172580,0.164440,173.0000,1.4082,14.15
2026-03-25 15:12:53,VVVUSDT,空,6.484000,6.531204,4.6200,-0.2181,-2.18
2026-03-25 15:12:53,SIRENUSDT,多,1.157160,2.235213,25.0000,26.9513,279.49
2026-03-25 15:12:53,CYSUSDT,多,0.580900,0.571348,51.0000,-0.4871,-4.93
2026-03-25 15:12:53,JTOUSDT,多,0.319300,0.359253,93.0000,3.7156,37.54
2026-03-25 15:12:53,TRIAUSDT,多,0.035690,0.033346,840.0000,-1.9691,-19.70
2026-03-25 15:12:53,BASUSDT,空,0.011787,0.011793,2545.0000,-0.0153,-0.15
2026-03-25 15:12:53,ONTUSDT,空,0.069400,0.064016,432.2000,2.3270,23.27
2026-03-25 15:12:53,OPNUSDT,多,0.217200,0.204700,138.0000,-1.7250,-17.27
2026-03-25 15:12:53,DUSKUSDT,空,0.125320,0.120401,239.0000,1.1756,11.77
2026-03-25 16:00:05,HUMAUSDT,空,0.019900,0.019614,1507.0000,0.4310,4.31
2026-03-25 16:00:05,TAOUSDT,空,337.300000,341.413515,0.0880,-0.3620,-3.66
2026-03-25 16:00:05,KATUSDT,多,0.010890,0.010990,2754.0000,0.2754,2.75
2026-03-25 16:00:05,MAGMAUSDT,空,0.137600,0.127535,218.0000,2.1941,21.94
2026-03-25 16:00:05,BEATUSDT,多,0.621200,0.621897,48.0000,0.0335,0.34
2026-03-25 16:00:05,JCTUSDT,多,0.002845,0.003141,10534.0000,3.1229,31.26
2026-03-25 16:00:05,BANANAS31USDT,多,0.014006,0.014077,2141.0000,0.1521,1.52
2026-03-25 16:00:05,ARIAUSDT,空,0.313160,0.293828,95.0000,1.8366,18.52
2026-03-25 16:00:05,FLOWUSDT,多,0.031780,0.032380,944.0000,0.5664,5.66
2026-03-25 16:00:05,GASUSDT,空,1.698000,1.590443,17.6000,1.8930,19.00
2026-03-25 16:00:05,BRUSDT,空,0.172580,0.164045,173.0000,1.4765,14.84
2026-03-25 16:00:05,VVVUSDT,空,6.484000,6.523729,4.6200,-0.1835,-1.84
2026-03-25 16:00:05,SIRENUSDT,多,1.157160,2.085250,25.0000,23.2022,240.61
2026-03-25 16:00:05,CYSUSDT,多,0.580900,0.570041,51.0000,-0.5538,-5.61
2026-03-25 16:00:05,JTOUSDT,多,0.319300,0.364590,93.0000,4.2120,42.55
2026-03-25 16:00:05,TRIAUSDT,多,0.035690,0.033420,840.0000,-1.9068,-19.08
2026-03-25 16:00:05,BASUSDT,空,0.011787,0.012152,2545.0000,-0.9298,-9.30
2026-03-25 16:00:05,ONTUSDT,空,0.069400,0.064144,432.2000,2.2717,22.72
2026-03-25 16:00:05,OPNUSDT,多,0.217200,0.204000,138.0000,-1.8216,-18.23
2026-03-25 16:00:05,DUSKUSDT,空,0.125320,0.119200,239.0000,1.4627,14.65
2026-03-25 17:00:20,HUMAUSDT,空,0.019900,0.019605,1507.0000,0.4446,4.45
2026-03-25 17:00:20,TAOUSDT,空,337.300000,346.679559,0.0880,-0.8254,-8.34
2026-03-25 17:00:20,KATUSDT,多,0.010890,0.011010,2754.0000,0.3305,3.31
2026-03-25 17:00:20,MAGMAUSDT,空,0.137600,0.127124,218.0000,2.2839,22.84
2026-03-25 17:00:20,BEATUSDT,多,0.621200,0.630500,48.0000,0.4464,4.49
2026-03-25 17:00:20,JCTUSDT,多,0.002845,0.003245,10534.0000,4.2178,42.22
2026-03-25 17:00:20,BANANAS31USDT,多,0.014006,0.014142,2141.0000,0.2912,2.91
2026-03-25 17:00:20,ARIAUSDT,空,0.313160,0.287090,95.0000,2.4766,24.97
2026-03-25 17:00:20,FLOWUSDT,多,0.031780,0.032531,944.0000,0.7091,7.09
2026-03-25 17:00:20,GASUSDT,空,1.698000,1.600000,17.6000,1.7248,17.31
2026-03-25 17:00:20,BRUSDT,空,0.172580,0.172280,173.0000,0.0519,0.52
2026-03-25 17:00:20,VVVUSDT,空,6.484000,6.750483,4.6200,-1.2311,-12.33
2026-03-25 17:00:20,SIRENUSDT,多,1.157160,2.124320,25.0000,24.1790,250.74
2026-03-25 17:00:20,CYSUSDT,多,0.580900,0.539600,51.0000,-2.1063,-21.33
2026-03-25 17:00:20,JTOUSDT,多,0.319300,0.342700,93.0000,2.1762,21.99
2026-03-25 17:00:20,TRIAUSDT,多,0.035690,0.033450,840.0000,-1.8816,-18.83
2026-03-25 17:00:20,BASUSDT,空,0.011787,0.011872,2545.0000,-0.2156,-2.16
2026-03-25 17:00:20,ONTUSDT,空,0.069400,0.066098,432.2000,1.4271,14.27
2026-03-25 17:00:20,OPNUSDT,多,0.217200,0.206700,138.0000,-1.4490,-14.50
2026-03-25 17:00:20,DUSKUSDT,空,0.125320,0.119612,239.0000,1.3642,13.66
2026-03-25 18:00:35,HUMAUSDT,空,0.019900,0.019431,1507.0000,0.7073,7.08
2026-03-25 18:00:35,TAOUSDT,空,337.300000,351.138804,0.0880,-1.2178,-12.31
2026-03-25 18:00:35,KATUSDT,多,0.010890,0.010801,2754.0000,-0.2454,-2.46
2026-03-25 18:00:35,MAGMAUSDT,空,0.137600,0.125600,218.0000,2.6160,26.16
2026-03-25 18:00:35,BEATUSDT,多,0.621200,0.624519,48.0000,0.1593,1.60
2026-03-25 18:00:35,JCTUSDT,多,0.002845,0.003352,10534.0000,5.3407,53.46
2026-03-25 18:00:35,BANANAS31USDT,多,0.014006,0.014107,2141.0000,0.2162,2.16
2026-03-25 18:00:35,ARIAUSDT,空,0.313160,0.300973,95.0000,1.1578,11.68
2026-03-25 18:00:35,FLOWUSDT,多,0.031780,0.032265,944.0000,0.4580,4.58
2026-03-25 18:00:35,GASUSDT,空,1.698000,1.599500,17.6000,1.7336,17.40
2026-03-25 18:00:35,BRUSDT,空,0.172580,0.173370,173.0000,-0.1367,-1.37
2026-03-25 18:00:35,VVVUSDT,空,6.484000,6.866472,4.6200,-1.7670,-17.70
2026-03-25 18:00:35,SIRENUSDT,多,1.157160,2.136960,25.0000,24.4950,254.02
2026-03-25 18:00:35,CYSUSDT,多,0.580900,0.501600,51.0000,-4.0443,-40.95
2026-03-25 18:00:35,JTOUSDT,多,0.319300,0.343357,93.0000,2.2373,22.60
2026-03-25 18:00:35,TRIAUSDT,多,0.035690,0.031772,840.0000,-3.2915,-32.94
2026-03-25 18:00:35,BASUSDT,空,0.011787,0.011765,2545.0000,0.0565,0.57
2026-03-25 18:00:35,ONTUSDT,空,0.069400,0.065479,432.2000,1.6948,16.95
2026-03-25 18:00:35,OPNUSDT,多,0.217200,0.202500,138.0000,-2.0286,-20.30
2026-03-25 18:00:35,DUSKUSDT,空,0.125320,0.120187,239.0000,1.2267,12.29
2026-03-25 19:00:51,HUMAUSDT,空,0.019900,0.019794,1507.0000,0.1597,1.60
2026-03-25 19:00:51,TAOUSDT,空,337.300000,356.834483,0.0880,-1.7190,-17.37
2026-03-25 19:00:51,KATUSDT,多,0.010890,0.010559,2754.0000,-0.9125,-9.13
2026-03-25 19:00:51,MAGMAUSDT,空,0.137600,0.124518,218.0000,2.8518,28.52
2026-03-25 19:00:51,BEATUSDT,多,0.621200,0.627022,48.0000,0.2794,2.81
2026-03-25 19:00:51,JCTUSDT,多,0.002845,0.002939,10534.0000,0.9860,9.87
2026-03-25 19:00:51,BANANAS31USDT,多,0.014006,0.014032,2141.0000,0.0557,0.56
2026-03-25 19:00:51,ARIAUSDT,空,0.313160,0.290803,95.0000,2.1239,21.42
2026-03-25 19:00:51,FLOWUSDT,多,0.031780,0.032370,944.0000,0.5570,5.57
2026-03-25 19:00:51,GASUSDT,空,1.698000,1.601066,17.6000,1.7060,17.13
2026-03-25 19:00:51,BRUSDT,空,0.172580,0.176898,173.0000,-0.7470,-7.51
2026-03-25 19:00:51,VVVUSDT,空,6.484000,6.688973,4.6200,-0.9470,-9.48
2026-03-25 19:00:51,SIRENUSDT,多,1.157160,2.249190,25.0000,27.3008,283.11
2026-03-25 19:00:51,CYSUSDT,多,0.580900,0.497240,51.0000,-4.2667,-43.21
2026-03-25 19:00:51,JTOUSDT,多,0.319300,0.342800,93.0000,2.1855,22.08
2026-03-25 19:00:51,TRIAUSDT,多,0.035690,0.032376,840.0000,-2.7838,-27.86
2026-03-25 19:00:51,BASUSDT,空,0.011787,0.011828,2545.0000,-0.1047,-1.05
2026-03-25 19:00:51,ONTUSDT,空,0.069400,0.064509,432.2000,2.1138,21.14
2026-03-25 19:00:51,OPNUSDT,多,0.217200,0.199830,138.0000,-2.3970,-23.99
2026-03-25 19:00:51,DUSKUSDT,空,0.125320,0.121143,239.0000,0.9982,10.00
2026-03-25 20:00:06,HUMAUSDT,空,0.019900,0.020221,1507.0000,-0.4837,-4.84
2026-03-25 20:00:06,TAOUSDT,空,337.300000,361.245326,0.0880,-2.1072,-21.30
2026-03-25 20:00:06,KATUSDT,多,0.010890,0.010770,2754.0000,-0.3305,-3.31
2026-03-25 20:00:06,MAGMAUSDT,空,0.137600,0.121212,218.0000,3.5727,35.73
2026-03-25 20:00:06,BEATUSDT,多,0.621200,0.620016,48.0000,-0.0569,-0.57
2026-03-25 20:00:06,JCTUSDT,多,0.002845,0.003022,10534.0000,1.8646,18.67
2026-03-25 20:00:06,BANANAS31USDT,多,0.014006,0.014062,2141.0000,0.1199,1.20
2026-03-25 20:00:06,ARIAUSDT,空,0.313160,0.297620,95.0000,1.4763,14.89
2026-03-25 20:00:06,FLOWUSDT,多,0.031780,0.032546,944.0000,0.7233,7.23
2026-03-25 20:00:06,GASUSDT,空,1.698000,1.604000,17.6000,1.6544,16.61
2026-03-25 20:00:06,BRUSDT,空,0.172580,0.141346,173.0000,5.4034,54.29
2026-03-25 20:00:06,VVVUSDT,空,6.484000,6.750465,4.6200,-1.2311,-12.33
2026-03-25 20:00:06,SIRENUSDT,多,1.157160,2.110920,25.0000,23.8440,247.27
2026-03-25 20:00:06,CYSUSDT,多,0.580900,0.480025,51.0000,-5.1446,-52.10
2026-03-25 20:00:06,JTOUSDT,多,0.319300,0.339700,93.0000,1.8972,19.17
2026-03-25 20:00:06,TRIAUSDT,多,0.035690,0.033080,840.0000,-2.1921,-21.94
2026-03-25 20:00:06,BASUSDT,空,0.011787,0.011817,2545.0000,-0.0764,-0.76
2026-03-25 20:00:06,ONTUSDT,空,0.069400,0.063766,432.2000,2.4350,24.35
2026-03-25 20:00:06,OPNUSDT,多,0.217200,0.203000,138.0000,-1.9596,-19.61
2026-03-25 20:00:06,DUSKUSDT,空,0.125320,0.117403,239.0000,1.8923,18.95
2026-03-25 21:00:21,HUMAUSDT,空,0.019900,0.019999,1507.0000,-0.1492,-1.49
2026-03-25 21:00:21,TAOUSDT,空,337.300000,353.980000,0.0880,-1.4678,-14.84
2026-03-25 21:00:21,KATUSDT,多,0.010890,0.010750,2754.0000,-0.3856,-3.86
2026-03-25 21:00:21,MAGMAUSDT,空,0.137600,0.117472,218.0000,4.3879,43.88
2026-03-25 21:00:21,BEATUSDT,多,0.621200,0.623723,48.0000,0.1211,1.22
2026-03-25 21:00:21,JCTUSDT,多,0.002845,0.003070,10534.0000,2.3743,23.77
2026-03-25 21:00:21,BANANAS31USDT,多,0.014006,0.013902,2141.0000,-0.2227,-2.23
2026-03-25 21:00:21,ARIAUSDT,空,0.313160,0.306725,95.0000,0.6113,6.16
2026-03-25 21:00:21,FLOWUSDT,多,0.031780,0.032343,944.0000,0.5313,5.31
2026-03-25 21:00:21,GASUSDT,空,1.698000,1.598000,17.6000,1.7600,17.67
2026-03-25 21:00:21,BRUSDT,空,0.172580,0.145619,173.0000,4.6642,46.87
2026-03-25 21:00:21,VVVUSDT,空,6.484000,6.644302,4.6200,-0.7406,-7.42
2026-03-25 21:00:21,SIRENUSDT,多,1.157160,2.166616,25.0000,25.2364,261.71
2026-03-25 21:00:21,CYSUSDT,多,0.580900,0.463714,51.0000,-5.9765,-60.52
2026-03-25 21:00:21,JTOUSDT,多,0.319300,0.334700,93.0000,1.4322,14.47
2026-03-25 21:00:21,TRIAUSDT,多,0.035690,0.032124,840.0000,-2.9955,-29.98
2026-03-25 21:00:21,BASUSDT,空,0.011787,0.011614,2545.0000,0.4403,4.40
2026-03-25 21:00:21,ONTUSDT,空,0.069400,0.063732,432.2000,2.4497,24.50
2026-03-25 21:00:21,OPNUSDT,多,0.217200,0.207694,138.0000,-1.3118,-13.13
2026-03-25 21:00:21,DUSKUSDT,空,0.125320,0.115534,239.0000,2.3388,23.43
2026-03-25 22:00:37,HUMAUSDT,空,0.019900,0.020238,1507.0000,-0.5094,-5.10
2026-03-25 22:00:37,TAOUSDT,空,337.300000,364.174378,0.0880,-2.3649,-23.90
2026-03-25 22:00:37,KATUSDT,多,0.010890,0.010570,2754.0000,-0.8813,-8.82
2026-03-25 22:00:37,MAGMAUSDT,空,0.137600,0.117235,218.0000,4.4395,44.40
2026-03-25 22:00:37,BEATUSDT,多,0.621200,0.631232,48.0000,0.4815,4.84
2026-03-25 22:00:37,JCTUSDT,多,0.002845,0.002966,10534.0000,1.2746,12.76
2026-03-25 22:00:37,BANANAS31USDT,多,0.014006,0.013944,2141.0000,-0.1327,-1.33
2026-03-25 22:00:37,ARIAUSDT,空,0.313160,0.293414,95.0000,1.8758,18.92
2026-03-25 22:00:37,FLOWUSDT,多,0.031780,0.032161,944.0000,0.3596,3.60
2026-03-25 22:00:37,GASUSDT,空,1.698000,1.595634,17.6000,1.8016,18.09
2026-03-25 22:00:37,BRUSDT,空,0.172580,0.141532,173.0000,5.3714,53.97
2026-03-25 22:00:37,VVVUSDT,空,6.484000,6.651309,4.6200,-0.7730,-7.74
2026-03-25 22:00:37,SIRENUSDT,多,1.157160,2.364850,25.0000,30.1923,313.10
2026-03-25 22:00:37,CYSUSDT,多,0.580900,0.452231,51.0000,-6.5621,-66.45
2026-03-25 22:00:37,JTOUSDT,多,0.319300,0.335950,93.0000,1.5484,15.64
2026-03-25 22:00:37,TRIAUSDT,多,0.035690,0.032361,840.0000,-2.7963,-27.98
2026-03-25 22:00:37,BASUSDT,空,0.011787,0.011907,2545.0000,-0.3054,-3.05
2026-03-25 22:00:37,ONTUSDT,空,0.069400,0.061136,432.2000,3.5715,35.72
2026-03-25 22:00:37,OPNUSDT,多,0.217200,0.207913,138.0000,-1.2817,-12.83
2026-03-25 22:00:37,DUSKUSDT,空,0.125320,0.115127,239.0000,2.4360,24.40
2026-03-25 23:00:52,HUMAUSDT,空,0.019900,0.020585,1507.0000,-1.0330,-10.33
2026-03-25 23:00:52,TAOUSDT,空,337.300000,359.820000,0.0880,-1.9818,-20.03
2026-03-25 23:00:52,KATUSDT,多,0.010890,0.010710,2754.0000,-0.4957,-4.96
2026-03-25 23:00:52,MAGMAUSDT,空,0.137600,0.117550,218.0000,4.3709,43.71
2026-03-25 23:00:52,BEATUSDT,多,0.621200,0.625937,48.0000,0.2274,2.29
2026-03-25 23:00:52,JCTUSDT,多,0.002845,0.002864,10534.0000,0.2048,2.05
2026-03-25 23:00:52,BANANAS31USDT,多,0.014006,0.013885,2141.0000,-0.2591,-2.59
2026-03-25 23:00:52,ARIAUSDT,空,0.313160,0.301905,95.0000,1.0692,10.78
2026-03-25 23:00:52,FLOWUSDT,多,0.031780,0.032306,944.0000,0.4967,4.97
2026-03-25 23:00:52,GASUSDT,空,1.698000,1.598432,17.6000,1.7524,17.59
2026-03-25 23:00:52,BRUSDT,空,0.172580,0.156194,173.0000,2.8347,28.48
2026-03-25 23:00:52,VVVUSDT,空,6.484000,6.688000,4.6200,-0.9425,-9.44
2026-03-25 23:00:52,SIRENUSDT,多,1.157160,2.377511,25.0000,30.5088,316.38
2026-03-25 23:00:52,JTOUSDT,多,0.319300,0.333471,93.0000,1.3179,13.31
2026-03-25 23:00:52,TRIAUSDT,多,0.035690,0.031540,840.0000,-3.4860,-34.88
2026-03-25 23:00:52,BASUSDT,空,0.011787,0.011838,2545.0000,-0.1306,-1.31
2026-03-25 23:00:52,ONTUSDT,空,0.069400,0.060922,432.2000,3.6643,36.65
2026-03-25 23:00:52,OPNUSDT,多,0.217200,0.206378,138.0000,-1.4934,-14.95
2026-03-25 23:00:52,DUSKUSDT,空,0.125320,0.114422,239.0000,2.6045,26.09
2026-03-26 00:00:08,HUMAUSDT,空,0.019900,0.020071,1507.0000,-0.2582,-2.58
2026-03-26 00:00:08,TAOUSDT,空,337.300000,362.288974,0.0880,-2.1990,-22.23
2026-03-26 00:00:08,KATUSDT,多,0.010890,0.010765,2754.0000,-0.3432,-3.43
2026-03-26 00:00:08,MAGMAUSDT,空,0.137600,0.124339,218.0000,2.8909,28.91
2026-03-26 00:00:08,BEATUSDT,多,0.621200,0.625800,48.0000,0.2208,2.22
2026-03-26 00:00:08,JCTUSDT,多,0.002845,0.002833,10534.0000,-0.1258,-1.26
2026-03-26 00:00:08,BANANAS31USDT,多,0.014006,0.013912,2141.0000,-0.2013,-2.01
2026-03-26 00:00:08,ARIAUSDT,空,0.313160,0.298322,95.0000,1.4096,14.21
2026-03-26 00:00:08,FLOWUSDT,多,0.031780,0.032497,944.0000,0.6772,6.77
2026-03-26 00:00:08,GASUSDT,空,1.698000,1.595000,17.6000,1.8128,18.20
2026-03-26 00:00:08,BRUSDT,空,0.172580,0.165400,173.0000,1.2421,12.48
2026-03-26 00:00:08,VVVUSDT,空,6.484000,6.759678,4.6200,-1.2736,-12.76
2026-03-26 00:00:08,SIRENUSDT,多,1.157160,2.371120,25.0000,30.3490,314.73
2026-03-26 00:00:08,JTOUSDT,多,0.319300,0.332095,93.0000,1.1899,12.02
2026-03-26 00:00:08,TRIAUSDT,多,0.035690,0.031270,840.0000,-3.7125,-37.15
2026-03-26 00:00:08,BASUSDT,空,0.011787,0.011834,2545.0000,-0.1196,-1.20
2026-03-26 00:00:08,ONTUSDT,空,0.069400,0.060200,432.2000,3.9762,39.77
2026-03-26 00:00:08,OPNUSDT,多,0.217200,0.203900,138.0000,-1.8354,-18.37
2026-03-26 00:00:08,DUSKUSDT,空,0.125320,0.116110,239.0000,2.2012,22.05
2026-03-26 01:00:23,HUMAUSDT,空,0.019900,0.019545,1507.0000,0.5350,5.35
2026-03-26 01:00:23,TAOUSDT,空,337.300000,365.226758,0.0880,-2.4576,-24.84
2026-03-26 01:00:23,KATUSDT,多,0.010890,0.010937,2754.0000,0.1304,1.30
2026-03-26 01:00:23,MAGMAUSDT,空,0.137600,0.133320,218.0000,0.9330,9.33
2026-03-26 01:00:23,BEATUSDT,多,0.621200,0.625586,48.0000,0.2105,2.12
2026-03-26 01:00:23,JCTUSDT,多,0.002845,0.002876,10534.0000,0.3240,3.24
2026-03-26 01:00:23,BANANAS31USDT,多,0.014006,0.013903,2141.0000,-0.2205,-2.21
2026-03-26 01:00:23,ARIAUSDT,空,0.313160,0.293985,95.0000,1.8216,18.37
2026-03-26 01:00:23,FLOWUSDT,多,0.031780,0.032241,944.0000,0.4354,4.35
2026-03-26 01:00:23,GASUSDT,空,1.698000,1.605026,17.6000,1.6363,16.43
2026-03-26 01:00:23,BRUSDT,空,0.172580,0.172667,173.0000,-0.0151,-0.15
2026-03-26 01:00:23,VVVUSDT,空,6.484000,6.984000,4.6200,-2.3100,-23.13
2026-03-26 01:00:23,SIRENUSDT,多,1.157160,2.159340,25.0000,25.0545,259.82
2026-03-26 01:00:23,JTOUSDT,多,0.319300,0.333600,93.0000,1.3299,13.44
2026-03-26 01:00:23,TRIAUSDT,多,0.035690,0.032471,840.0000,-2.7037,-27.06
2026-03-26 01:00:23,BASUSDT,空,0.011787,0.011948,2545.0000,-0.4097,-4.10
2026-03-26 01:00:23,ONTUSDT,空,0.069400,0.060540,432.2000,3.8291,38.30
2026-03-26 01:00:23,OPNUSDT,多,0.217200,0.202585,138.0000,-2.0168,-20.19
2026-03-26 01:00:23,DUSKUSDT,空,0.125320,0.118112,239.0000,1.7227,17.25
2026-03-26 02:00:38,HUMAUSDT,空,0.019900,0.019155,1507.0000,1.1227,11.23
2026-03-26 02:00:38,TAOUSDT,空,337.300000,370.789199,0.0880,-2.9470,-29.79
2026-03-26 02:00:38,KATUSDT,多,0.010890,0.010989,2754.0000,0.2715,2.72
2026-03-26 02:00:38,MAGMAUSDT,空,0.137600,0.135480,218.0000,0.4622,4.62
2026-03-26 02:00:38,BEATUSDT,多,0.621200,0.628100,48.0000,0.3312,3.33
2026-03-26 02:00:38,JCTUSDT,多,0.002845,0.002890,10534.0000,0.4756,4.76
2026-03-26 02:00:38,BANANAS31USDT,多,0.014006,0.013932,2141.0000,-0.1575,-1.58
2026-03-26 02:00:38,ARIAUSDT,空,0.313160,0.290586,95.0000,2.1445,21.63
2026-03-26 02:00:38,FLOWUSDT,多,0.031780,0.032514,944.0000,0.6931,6.93
2026-03-26 02:00:38,GASUSDT,空,1.698000,1.602500,17.6000,1.6808,16.87
2026-03-26 02:00:38,BRUSDT,空,0.172580,0.180421,173.0000,-1.3564,-13.63
2026-03-26 02:00:38,VVVUSDT,空,6.484000,7.044190,4.6200,-2.5881,-25.92
2026-03-26 02:00:38,SIRENUSDT,多,1.157160,2.186667,25.0000,25.7377,266.91
2026-03-26 02:00:38,JTOUSDT,多,0.319300,0.335500,93.0000,1.5066,15.22
2026-03-26 02:00:38,TRIAUSDT,多,0.035690,0.032540,840.0000,-2.6460,-26.48
2026-03-26 02:00:38,BASUSDT,空,0.011787,0.012084,2545.0000,-0.7559,-7.56
2026-03-26 02:00:38,ONTUSDT,空,0.069400,0.059400,432.2000,4.3220,43.23
2026-03-26 02:00:38,OPNUSDT,多,0.217200,0.201600,138.0000,-2.1528,-21.55
2026-03-26 02:00:38,DUSKUSDT,空,0.125320,0.118360,239.0000,1.6634,16.66
2026-03-26 03:00:54,HUMAUSDT,空,0.019900,0.018994,1507.0000,1.3653,13.66
2026-03-26 03:00:54,TAOUSDT,空,337.300000,357.540000,0.0880,-1.7811,-18.00
2026-03-26 03:00:54,KATUSDT,多,0.010890,0.010945,2754.0000,0.1505,1.50
2026-03-26 03:00:54,MAGMAUSDT,空,0.137600,0.134889,218.0000,0.5909,5.91
2026-03-26 03:00:54,BEATUSDT,多,0.621200,0.612400,48.0000,-0.4224,-4.25
2026-03-26 03:00:54,JCTUSDT,多,0.002845,0.002795,10534.0000,-0.5225,-5.23
2026-03-26 03:00:54,BANANAS31USDT,多,0.014006,0.014158,2141.0000,0.3254,3.26
2026-03-26 03:00:54,ARIAUSDT,空,0.313160,0.287449,95.0000,2.4426,24.63
2026-03-26 03:00:54,FLOWUSDT,多,0.031780,0.032260,944.0000,0.4531,4.53
2026-03-26 03:00:54,GASUSDT,空,1.698000,1.599000,17.6000,1.7424,17.49
2026-03-26 03:00:54,BRUSDT,空,0.172580,0.173795,173.0000,-0.2101,-2.11
2026-03-26 03:00:54,VVVUSDT,空,6.484000,6.794000,4.6200,-1.4322,-14.34
2026-03-26 03:00:54,SIRENUSDT,多,1.157160,2.271837,25.0000,27.8669,288.99
2026-03-26 03:00:54,JTOUSDT,多,0.319300,0.339700,93.0000,1.8972,19.17
2026-03-26 03:00:54,TRIAUSDT,多,0.035690,0.032545,840.0000,-2.6419,-26.44
2026-03-26 03:00:54,BASUSDT,空,0.011787,0.012030,2545.0000,-0.6191,-6.19
2026-03-26 03:00:54,ONTUSDT,空,0.069400,0.058621,432.2000,4.6587,46.60
2026-03-26 03:00:54,OPNUSDT,多,0.217200,0.198905,138.0000,-2.5247,-25.27
2026-03-26 03:00:54,DUSKUSDT,空,0.125320,0.122383,239.0000,0.7019,7.03
2026-03-26 04:00:08,HUMAUSDT,空,0.019900,0.018749,1507.0000,1.7353,17.36
2026-03-26 04:00:08,TAOUSDT,空,337.300000,352.269129,0.0880,-1.3173,-13.31
2026-03-26 04:00:08,KATUSDT,多,0.010890,0.010910,2754.0000,0.0551,0.55
2026-03-26 04:00:08,MAGMAUSDT,空,0.137600,0.135764,218.0000,0.4001,4.00
2026-03-26 04:00:08,BEATUSDT,多,0.621200,0.607300,48.0000,-0.6672,-6.71
2026-03-26 04:00:08,JCTUSDT,多,0.002845,0.002741,10534.0000,-1.0948,-10.96
2026-03-26 04:00:08,BANANAS31USDT,多,0.014006,0.014209,2141.0000,0.4339,4.34
2026-03-26 04:00:08,ARIAUSDT,空,0.313160,0.292010,95.0000,2.0093,20.26
2026-03-26 04:00:08,FLOWUSDT,多,0.031780,0.032119,944.0000,0.3201,3.20
2026-03-26 04:00:08,GASUSDT,空,1.698000,1.599112,17.6000,1.7404,17.47
2026-03-26 04:00:08,BRUSDT,空,0.172580,0.160088,173.0000,2.1612,21.72
2026-03-26 04:00:08,VVVUSDT,空,6.484000,6.738360,4.6200,-1.1751,-11.77
2026-03-26 04:00:08,SIRENUSDT,多,1.157160,2.297830,25.0000,28.5167,295.72
2026-03-26 04:00:08,JTOUSDT,多,0.319300,0.340824,93.0000,2.0017,20.22
2026-03-26 04:00:08,TRIAUSDT,多,0.035690,0.031580,840.0000,-3.4524,-34.55
2026-03-26 04:00:08,BASUSDT,空,0.011787,0.012097,2545.0000,-0.7890,-7.89
2026-03-26 04:00:08,ONTUSDT,空,0.069400,0.057816,432.2000,5.0066,50.07
2026-03-26 04:00:08,OPNUSDT,多,0.217200,0.201173,138.0000,-2.2118,-22.14
2026-03-26 04:00:08,DUSKUSDT,空,0.125320,0.120126,239.0000,1.2414,12.43
2026-03-26 05:00:23,HUMAUSDT,空,0.019900,0.018920,1507.0000,1.4768,14.77
2026-03-26 05:00:23,TAOUSDT,空,337.300000,349.954599,0.0880,-1.1136,-11.26
2026-03-26 05:00:23,KATUSDT,多,0.010890,0.010830,2754.0000,-0.1639,-1.64
2026-03-26 05:00:23,MAGMAUSDT,空,0.137600,0.136499,218.0000,0.2400,2.40
2026-03-26 05:00:23,BEATUSDT,多,0.621200,0.593376,48.0000,-1.3356,-13.44
2026-03-26 05:00:23,JCTUSDT,多,0.002845,0.002753,10534.0000,-0.9640,-9.65
2026-03-26 05:00:23,BANANAS31USDT,多,0.014006,0.014325,2141.0000,0.6837,6.84
2026-03-26 05:00:23,ARIAUSDT,空,0.313160,0.292801,95.0000,1.9341,19.50
2026-03-26 05:00:23,FLOWUSDT,多,0.031780,0.031910,944.0000,0.1227,1.23
2026-03-26 05:00:23,GASUSDT,空,1.698000,1.599500,17.6000,1.7336,17.40
2026-03-26 05:00:23,BRUSDT,空,0.172580,0.156207,173.0000,2.8325,28.46
2026-03-26 05:00:23,VVVUSDT,空,6.484000,6.900429,4.6200,-1.9239,-19.27
2026-03-26 05:00:23,SIRENUSDT,多,1.157160,2.210080,25.0000,26.3230,272.98
2026-03-26 05:00:23,JTOUSDT,多,0.319300,0.341300,93.0000,2.0460,20.67
2026-03-26 05:00:23,TRIAUSDT,多,0.035690,0.031451,840.0000,-3.5606,-35.63
2026-03-26 05:00:23,BASUSDT,空,0.011787,0.012269,2545.0000,-1.2279,-12.28
2026-03-26 05:00:23,ONTUSDT,空,0.069400,0.056656,432.2000,5.5079,55.09
2026-03-26 05:00:23,OPNUSDT,多,0.217200,0.203757,138.0000,-1.8552,-18.57
2026-03-26 05:00:23,DUSKUSDT,空,0.125320,0.120502,239.0000,1.1516,11.53
2026-03-26 06:00:39,HUMAUSDT,空,0.019900,0.018960,1507.0000,1.4166,14.17
2026-03-26 06:00:39,TAOUSDT,空,337.300000,348.910000,0.0880,-1.0217,-10.33
2026-03-26 06:00:39,KATUSDT,多,0.010890,0.011172,2754.0000,0.7768,7.77
2026-03-26 06:00:39,MAGMAUSDT,空,0.137600,0.136343,218.0000,0.2740,2.74
2026-03-26 06:00:39,BEATUSDT,多,0.621200,0.591800,48.0000,-1.4112,-14.20
2026-03-26 06:00:39,JCTUSDT,多,0.002845,0.002723,10534.0000,-1.2870,-12.88
2026-03-26 06:00:39,BANANAS31USDT,多,0.014006,0.014183,2141.0000,0.3790,3.79
2026-03-26 06:00:39,ARIAUSDT,空,0.313160,0.291319,95.0000,2.0749,20.92
2026-03-26 06:00:39,FLOWUSDT,多,0.031780,0.032234,944.0000,0.4283,4.28
2026-03-26 06:00:39,GASUSDT,空,1.698000,1.603000,17.6000,1.6720,16.78
2026-03-26 06:00:39,BRUSDT,空,0.172580,0.153119,173.0000,3.3667,33.83
2026-03-26 06:00:39,VVVUSDT,空,6.484000,6.798000,4.6200,-1.4507,-14.53
2026-03-26 06:00:39,SIRENUSDT,多,1.157160,2.221215,25.0000,26.6014,275.86
2026-03-26 06:00:39,JTOUSDT,多,0.319300,0.340200,93.0000,1.9437,19.64
2026-03-26 06:00:39,TRIAUSDT,多,0.035690,0.032065,840.0000,-3.0449,-30.47
2026-03-26 06:00:39,BASUSDT,空,0.011787,0.012191,2545.0000,-1.0287,-10.29
2026-03-26 06:00:39,ONTUSDT,空,0.069400,0.058214,432.2000,4.8347,48.36
2026-03-26 06:00:39,OPNUSDT,多,0.217200,0.215900,138.0000,-0.1794,-1.80
2026-03-26 06:00:39,DUSKUSDT,空,0.125320,0.120181,239.0000,1.2282,12.30
2026-03-26 07:00:53,HUMAUSDT,空,0.019900,0.018734,1507.0000,1.7569,17.58
2026-03-26 07:00:53,TAOUSDT,空,337.300000,346.680396,0.0880,-0.8255,-8.34
2026-03-26 07:00:53,KATUSDT,多,0.010890,0.011133,2754.0000,0.6693,6.69
2026-03-26 07:00:53,MAGMAUSDT,空,0.137600,0.135500,218.0000,0.4578,4.58
2026-03-26 07:00:53,BEATUSDT,多,0.621200,0.582771,48.0000,-1.8446,-18.56
2026-03-26 07:00:53,JCTUSDT,多,0.002845,0.002747,10534.0000,-1.0368,-10.38
2026-03-26 07:00:53,BANANAS31USDT,多,0.014006,0.014077,2141.0000,0.1510,1.51
2026-03-26 07:00:53,ARIAUSDT,空,0.313160,0.287439,95.0000,2.4435,24.64
2026-03-26 07:00:53,FLOWUSDT,多,0.031780,0.032547,944.0000,0.7238,7.24
2026-03-26 07:00:53,GASUSDT,空,1.698000,1.602330,17.6000,1.6838,16.90
2026-03-26 07:00:53,BRUSDT,空,0.172580,0.155720,173.0000,2.9168,29.31
2026-03-26 07:00:53,VVVUSDT,空,6.484000,6.577857,4.6200,-0.4336,-4.34
2026-03-26 07:00:53,SIRENUSDT,多,1.157160,2.208045,25.0000,26.2721,272.45
2026-03-26 07:00:53,JTOUSDT,多,0.319300,0.336700,93.0000,1.6182,16.35
2026-03-26 07:00:53,TRIAUSDT,多,0.035690,0.031346,840.0000,-3.6491,-36.52
2026-03-26 07:00:53,BASUSDT,空,0.011787,0.012046,2545.0000,-0.6588,-6.59
2026-03-26 07:00:53,ONTUSDT,空,0.069400,0.059447,432.2000,4.3018,43.03
2026-03-26 07:00:53,OPNUSDT,多,0.217200,0.216900,138.0000,-0.0414,-0.41
2026-03-26 07:00:53,DUSKUSDT,空,0.125320,0.121180,239.0000,0.9895,9.91
2026-03-26 08:00:08,HUMAUSDT,空,0.019900,0.018852,1507.0000,1.5795,15.80
2026-03-26 08:00:08,TAOUSDT,空,337.300000,346.890000,0.0880,-0.8439,-8.53
2026-03-26 08:00:08,KATUSDT,多,0.010890,0.011342,2754.0000,1.2456,12.46
2026-03-26 08:00:08,MAGMAUSDT,空,0.137600,0.133956,218.0000,0.7943,7.94
2026-03-26 08:00:08,BEATUSDT,多,0.621200,0.618175,48.0000,-0.1452,-1.46
2026-03-26 08:00:08,JCTUSDT,多,0.002845,0.002741,10534.0000,-1.0914,-10.93
2026-03-26 08:00:08,BANANAS31USDT,多,0.014006,0.013902,2141.0000,-0.2225,-2.23
2026-03-26 08:00:08,ARIAUSDT,空,0.313160,0.280260,95.0000,3.1255,31.52
2026-03-26 08:00:08,FLOWUSDT,多,0.031780,0.032328,944.0000,0.5173,5.17
2026-03-26 08:00:08,GASUSDT,空,1.698000,1.604134,17.6000,1.6520,16.58
2026-03-26 08:00:08,BRUSDT,空,0.172580,0.153495,173.0000,3.3017,33.18
2026-03-26 08:00:08,VVVUSDT,空,6.484000,6.586985,4.6200,-0.4758,-4.76
2026-03-26 08:00:08,SIRENUSDT,多,1.157160,2.046199,25.0000,22.2260,230.49
2026-03-26 08:00:08,JTOUSDT,多,0.319300,0.333348,93.0000,1.3065,13.20
2026-03-26 08:00:08,TRIAUSDT,多,0.035690,0.031340,840.0000,-3.6540,-36.56
2026-03-26 08:00:08,BASUSDT,空,0.011787,0.012048,2545.0000,-0.6642,-6.64
2026-03-26 08:00:08,ONTUSDT,空,0.069400,0.058778,432.2000,4.5908,45.92
2026-03-26 08:00:08,OPNUSDT,多,0.217200,0.215694,138.0000,-0.2078,-2.08
2026-03-26 08:00:08,DUSKUSDT,空,0.125320,0.116150,239.0000,2.1916,21.95
2026-03-26 10:00:39,MONUSDT,空,0.026620,0.026455,1126.0000,0.1857,1.86
2026-03-26 10:00:39,NIGHTUSDT,多,0.044600,0.044886,672.0000,0.1923,1.93
2026-03-26 10:00:39,HUMAUSDT,多,0.019136,0.019064,1567.0000,-0.1128,-1.13
2026-03-26 10:00:39,MANTRAUSDT,空,0.013050,0.012886,2298.0000,0.3759,3.76
2026-03-26 10:00:39,ONDOUSDT,空,0.269600,0.271500,111.2000,-0.2113,-2.11
2026-03-26 10:00:39,PIPPINUSDT,多,0.049181,0.051970,609.0000,1.6986,17.01
2026-03-26 10:00:39,TRADOORUSDT,空,2.240000,2.229784,13.0000,0.1328,1.37
2026-03-26 10:00:39,ZECUSDT,多,232.080000,233.170000,0.1290,0.1406,1.41
2026-03-26 10:00:39,AXLUSDT,多,0.050100,0.049710,598.8000,-0.2335,-2.34
2026-03-26 10:00:39,币安人生USDT,多,0.048550,0.049010,617.0000,0.2838,2.84
2026-03-26 10:00:39,DOTUSDT,多,1.357000,1.357395,22.1000,0.0087,0.09
2026-03-26 10:00:39,ZROUSDT,多,2.144100,2.136900,13.9000,-0.1001,-1.01
2026-03-26 10:00:39,MUSDT,空,2.452700,2.416900,12.0000,0.4296,4.38
2026-03-26 10:00:39,ZKCUSDT,空,0.079470,0.074851,377.0000,1.7415,17.44
2026-03-26 10:00:39,RESOLVUSDT,多,0.044090,0.043580,680.0000,-0.3468,-3.47
2026-03-26 10:00:39,COLLECTUSDT,多,0.071870,0.072730,417.0000,0.3586,3.59
2026-03-26 10:00:39,BEATUSDT,空,0.663100,0.692163,45.0000,-1.3078,-13.15
2026-03-26 10:00:39,JCTUSDT,多,0.002696,0.002841,11128.0000,1.6136,16.14
2026-03-26 10:00:39,BSBUSDT,空,0.166580,0.162830,180.0000,0.6750,6.75
2026-03-26 10:00:39,KASUSDT,空,0.038630,0.038560,776.0000,0.0543,0.54
2026-03-26 10:00:39,ARIAUSDT,多,0.278490,0.279620,107.0000,0.1209,1.22
2026-03-26 10:00:39,CFGUSDT,空,0.141300,0.144400,212.0000,-0.6572,-6.58
2026-03-26 10:00:39,SAHARAUSDT,空,0.027840,0.027465,1077.0000,0.4039,4.04
2026-03-26 10:00:39,ATHUSDT,空,0.007948,0.007728,3774.0000,0.8303,8.30
2026-03-26 10:00:39,RENDERUSDT,空,1.868000,1.849000,16.0000,0.3040,3.05
2026-03-26 10:00:39,ENAUSDT,空,0.106400,0.109085,281.0000,-0.7545,-7.57
2026-03-26 10:00:39,ESPORTSUSDT,空,0.324310,0.336752,92.0000,-1.1447,-11.51
2026-03-26 10:00:39,GASUSDT,多,1.588000,1.588470,18.8000,0.0088,0.09
2026-03-26 10:00:39,BRUSDT,多,0.146630,0.142375,204.0000,-0.8681,-8.71
2026-03-26 10:00:39,SIRENUSDT,空,2.265370,2.258840,13.0000,0.0849,0.86
2026-03-26 10:00:39,PROVEUSDT,空,0.292200,0.284010,102.6000,0.8403,8.41
2026-03-26 10:00:39,CYSUSDT,多,0.414000,0.391500,72.0000,-1.6200,-16.30
2026-03-26 10:00:39,TRIAUSDT,多,0.033900,0.034398,885.0000,0.4407,4.41
2026-03-26 10:00:39,NAORISUSDT,空,0.064925,0.060980,462.0000,1.8226,18.23
2026-03-26 10:00:39,ONTUSDT,多,0.061300,0.061697,489.3000,0.1943,1.94
2026-03-26 10:00:39,RIVERUSDT,多,20.731000,20.750000,1.4000,0.0266,0.27
2026-03-26 10:00:39,SIGNUSDT,多,0.038440,0.032850,779.0000,-4.3546,-43.63
2026-03-26 10:00:39,SUPERUSDT,空,0.131800,0.136483,227.0000,-1.0631,-10.66
2026-03-26 10:00:39,DYDXUSDT,空,0.088000,0.089500,338.9000,-0.5083,-5.11
2026-03-26 10:00:39,DUSKUSDT,多,0.115820,0.115620,258.0000,-0.0516,-0.52
2026-03-26 11:00:54,MONUSDT,空,0.026620,0.026070,1126.0000,0.6193,6.20
2026-03-26 11:00:54,NIGHTUSDT,多,0.044600,0.045070,672.0000,0.3158,3.16
2026-03-26 11:00:54,HUMAUSDT,多,0.019136,0.019304,1567.0000,0.2634,2.64
2026-03-26 11:00:54,MANTRAUSDT,空,0.013050,0.013150,2298.0000,-0.2298,-2.30
2026-03-26 11:00:54,ONDOUSDT,空,0.269600,0.270000,111.2000,-0.0445,-0.45
2026-03-26 11:00:54,PIPPINUSDT,多,0.049181,0.053857,609.0000,2.8480,28.53
2026-03-26 11:00:54,TRADOORUSDT,空,2.240000,2.206364,13.0000,0.4373,4.50
2026-03-26 11:00:54,ZECUSDT,多,232.080000,230.705902,0.1290,-0.1773,-1.78
2026-03-26 11:00:54,AXLUSDT,多,0.050100,0.049593,598.8000,-0.3038,-3.04
2026-03-26 11:00:54,币安人生USDT,多,0.048550,0.048723,617.0000,0.1065,1.07
2026-03-26 11:00:54,DOTUSDT,多,1.357000,1.347000,22.1000,-0.2210,-2.21
2026-03-26 11:00:54,ZROUSDT,多,2.144100,2.142725,13.9000,-0.0191,-0.19
2026-03-26 11:00:54,MUSDT,空,2.452700,2.451900,12.0000,0.0096,0.10
2026-03-26 11:00:54,ZKCUSDT,空,0.079470,0.075080,377.0000,1.6550,16.57
2026-03-26 11:00:54,RESOLVUSDT,多,0.044090,0.043670,680.0000,-0.2856,-2.86
2026-03-26 11:00:54,COLLECTUSDT,多,0.071870,0.068200,417.0000,-1.5304,-15.32
2026-03-26 11:00:54,BEATUSDT,空,0.663100,0.661295,45.0000,0.0812,0.82
2026-03-26 11:00:54,JCTUSDT,多,0.002696,0.002794,11128.0000,1.0938,10.94
2026-03-26 11:00:54,BSBUSDT,空,0.166580,0.155180,180.0000,2.0520,20.53
2026-03-26 11:00:54,KASUSDT,空,0.038630,0.038720,776.0000,-0.0698,-0.70
2026-03-26 11:00:54,ARIAUSDT,多,0.278490,0.278330,107.0000,-0.0171,-0.17
2026-03-26 11:00:54,CFGUSDT,空,0.141300,0.139000,212.0000,0.4876,4.88
2026-03-26 11:00:54,SAHARAUSDT,空,0.027840,0.027530,1077.0000,0.3339,3.34
2026-03-26 11:00:54,ATHUSDT,空,0.007948,0.007626,3774.0000,1.2152,12.15
2026-03-26 11:00:54,RENDERUSDT,空,1.868000,1.815000,16.0000,0.8480,8.51
2026-03-26 11:00:54,ENAUSDT,空,0.106400,0.107593,281.0000,-0.3351,-3.36
2026-03-26 11:00:54,ESPORTSUSDT,空,0.324310,0.340955,92.0000,-1.5314,-15.40
2026-03-26 11:00:54,GASUSDT,多,1.588000,1.571000,18.8000,-0.3196,-3.21
2026-03-26 11:00:54,BRUSDT,多,0.146630,0.153702,204.0000,1.4426,14.47
2026-03-26 11:00:54,SIRENUSDT,空,2.265370,2.178300,13.0000,1.1319,11.53
2026-03-26 11:00:54,PROVEUSDT,空,0.292200,0.288300,102.6000,0.4001,4.00
2026-03-26 11:00:54,CYSUSDT,多,0.414000,0.356639,72.0000,-4.1300,-41.57
2026-03-26 11:00:54,TRIAUSDT,多,0.033900,0.032560,885.0000,-1.1859,-11.86
2026-03-26 11:00:54,NAORISUSDT,空,0.064925,0.061077,462.0000,1.7780,17.78
2026-03-26 11:00:54,ONTUSDT,多,0.061300,0.061200,489.3000,-0.0489,-0.49
2026-03-26 11:00:54,RIVERUSDT,多,20.731000,20.871646,1.4000,0.1969,2.04
2026-03-26 11:00:54,SIGNUSDT,多,0.038440,0.034053,779.0000,-3.4175,-34.24
2026-03-26 11:00:54,SUPERUSDT,空,0.131800,0.132300,227.0000,-0.1135,-1.14
2026-03-26 11:00:54,DYDXUSDT,空,0.088000,0.089216,338.9000,-0.4121,-4.15
2026-03-26 11:00:54,DUSKUSDT,多,0.115820,0.115560,258.0000,-0.0671,-0.67
